frame_idx,cx,cy
0,48.33,313.12
1,48.09,313.10
2,48.12,313.12
3,48.56,313.05
4,48.22,312.95
5,48.14,313.00
6,48.16,312.98
7,48.09,312.94
8,48.12,312.90
9,48.11,313.00
10,48.14,312.99
11,48.09,313.07
12,48.09,313.00
13,48.12,313.00
14,48.14,313.02
15,48.12,312.94
16,48.13,312.91
17,48.14,312.89
18,48.19,312.90
19,48.16,312.89
20,48.15,312.94
21,48.15,312.90
22,48.21,312.97
23,48.21,312.91
24,48.24,312.94
25,48.20,312.89
26,48.20,312.86
27,48.23,313.04
28,48.26,313.11
29,48.20,313.01
30,48.23,312.93
31,48.11,312.90
32,48.09,312.92
33,48.14,312.89
34,48.14,312.90
35,48.18,312.94
36,48.20,312.95
37,48.15,313.01
38,48.29,312.91
39,48.16,312.88
40,48.14,313.04
41,48.52,313.05
42,49.09,312.63
43,49.30,312.71
44,49.37,312.69
45,49.31,312.85
46,49.15,312.88
47,49.08,312.86
48,48.98,313.01
49,49.10,312.75
50,49.13,312.63
51,49.12,312.70
52,49.05,312.68
53,49.16,312.77
54,49.65,312.39
55,49.66,312.34
56,49.89,312.48
57,49.88,312.46
58,49.95,312.38
59,49.99,312.32
60,49.93,312.33
61,50.06,312.51
62,50.68,312.60
63,51.08,312.58
64,51.68,312.68
65,52.08,312.58
66,52.47,312.51
67,52.51,312.46
68,52.54,312.54
69,52.55,312.62
70,53.17,312.46
71,53.62,312.44
72,54.16,312.45
73,54.41,312.25
74,54.56,312.24
75,54.65,312.23
76,54.76,312.25
77,55.35,311.94
78,56.12,311.48
79,56.76,311.00
80,57.01,311.03
81,57.05,311.05
82,56.68,311.18
83,55.88,312.40
84,56.08,312.18
85,56.07,312.24
86,56.08,312.27
87,56.05,312.31
88,55.96,312.37
89,55.90,312.47
90,55.82,312.45
91,55.77,312.50
92,55.79,312.44
93,55.78,312.43
94,55.68,312.85
95,55.43,313.12
96,55.11,313.43
97,54.77,313.73
98,54.59,313.77
99,54.24,314.05
100,53.71,314.53
101,53.26,314.91
102,52.98,315.09
103,52.81,315.23
104,52.92,315.25
105,52.86,315.30
106,52.66,315.39
107,52.70,315.42
108,52.67,315.37
109,52.66,315.37
110,52.66,315.39
111,52.64,315.42
112,52.40,315.55
113,52.24,315.68
114,52.21,315.62
115,52.89,315.14
116,53.55,314.49
117,53.87,314.54
118,53.57,314.71
119,53.35,315.03
120,52.97,315.08
121,52.92,315.20
122,52.90,315.42
123,52.72,315.63
124,51.95,315.83
125,51.52,316.08
126,51.49,316.04
127,51.71,315.81
128,51.39,316.06
129,50.66,316.39
130,50.02,316.81
131,49.14,317.32
132,48.78,317.29
133,48.51,317.53
134,47.49,318.38
135,45.91,319.73
136,44.97,319.62
137,43.26,319.19
138,39.44,317.88
139,38.63,318.05
140,38.34,318.05
141,38.36,318.16
142,38.33,318.36
143,38.22,318.41
144,38.10,318.43
145,38.12,318.41
146,38.05,318.52
147,37.86,318.61
148,37.93,318.80
149,37.91,318.93
150,37.98,318.98
151,37.85,319.02
152,37.83,318.99
153,37.83,318.99
154,37.82,319.16
155,37.93,319.29
156,37.93,319.32
157,37.83,319.36
158,37.84,319.35
159,37.79,319.43
160,37.92,319.53
161,37.92,319.59
162,37.85,319.38
163,37.76,319.40
164,37.77,319.37
165,37.73,319.33
166,37.83,319.53
167,37.76,319.34
168,37.70,319.29
169,37.76,319.26
170,37.65,319.36
171,37.66,319.43
172,37.71,319.48
173,37.76,319.45
174,37.72,319.53
175,37.79,319.60
176,37.76,319.58
177,37.73,319.56
178,37.70,319.60
179,37.72,319.37
180,37.61,319.28
181,37.56,318.95
182,37.50,318.81
183,37.59,318.82
184,37.43,318.52
185,37.32,318.45
186,37.23,318.23
187,37.34,318.32
188,37.67,318.49
189,37.84,318.57
190,37.76,318.75
191,37.64,318.70
192,37.69,318.81
193,37.78,319.32
194,38.12,318.90
195,37.94,318.87
196,38.05,318.91
197,38.25,319.10
198,38.29,319.16
199,38.25,318.89
200,38.53,318.88
201,39.84,318.88
202,41.16,319.44
203,42.39,320.39
204,43.31,322.01
205,44.02,324.29
206,43.97,327.08
207,43.42,329.84
208,42.69,331.90
209,42.20,332.85
210,42.12,333.34
211,41.77,333.63
212,41.57,333.79
213,41.09,333.74
214,40.54,333.69
215,40.21,333.52
216,39.96,333.50
217,39.75,333.43
218,39.63,333.12
219,39.66,332.74
220,40.00,332.32
221,40.45,331.74
222,40.28,330.92
223,40.25,329.33
224,40.61,328.83
225,41.01,328.54
226,40.85,327.72
227,41.01,327.32
228,41.56,327.58
229,42.23,327.53
230,42.54,327.11
231,43.16,326.70
232,44.10,326.37
233,46.19,325.99
234,46.05,331.23
235,46.21,330.63
236,46.48,330.30
237,46.23,329.99
238,46.17,328.17
239,45.96,326.98
240,46.41,327.31
241,46.63,327.26
242,47.99,328.10
243,45.18,321.06
244,46.06,321.19
245,46.18,321.43
246,45.42,321.13
247,44.95,320.90
248,49.48,318.48
249,50.94,317.36
250,51.59,316.65
251,53.17,315.33
252,54.32,314.03
253,55.03,313.14
254,55.25,312.85
255,54.66,312.86
256,53.47,313.11
257,52.65,313.12
258,51.56,313.57
259,49.47,313.36
260,48.88,313.15
261,48.75,313.16
262,48.80,313.23
263,48.87,313.14
264,48.88,313.13
265,49.04,313.28
266,49.18,313.32
267,49.33,313.24
268,49.48,313.19
269,49.70,313.24
270,49.64,313.38
271,49.08,313.37
272,48.79,313.29
273,48.25,313.01
274,48.14,312.96
275,48.17,312.95
276,47.63,312.91
277,47.79,312.87
278,47.54,312.83
279,47.82,312.90
280,47.80,312.91
281,47.87,312.77
282,48.00,312.84
283,48.02,312.95
284,48.07,312.99
285,48.06,313.09
286,48.05,313.22
287,48.04,313.27
288,48.07,313.32
289,48.08,313.36
290,48.01,313.41
291,48.01,313.41
292,48.01,313.51
293,48.00,313.56
294,48.02,313.67
295,47.99,313.65
296,47.99,313.77
297,47.90,313.71
298,47.83,313.68
299,47.83,313.72
300,47.86,313.76
301,47.88,313.79
302,48.01,313.87
303,47.98,313.67
304,47.87,313.68
305,47.72,313.63
306,47.67,313.60
307,47.74,313.42
308,47.80,313.39
309,47.97,313.34
310,48.05,313.36
311,47.93,313.20
312,47.80,313.07
313,47.89,313.13
314,47.90,313.03
315,47.73,313.12
316,47.73,313.06
317,47.89,313.01
318,48.06,312.97
319,47.91,312.97
320,47.94,312.92
321,48.06,312.89
322,48.05,312.91
323,47.91,312.90
324,47.92,312.85
325,48.01,312.90
326,47.88,312.86
327,48.05,312.76
328,48.06,312.78
329,48.07,312.89
330,47.87,312.87
331,47.97,312.88
332,47.95,312.89
333,47.86,312.94
334,47.99,312.92
335,47.83,312.98
336,47.90,312.96
337,47.83,312.99
338,47.96,313.03
339,47.97,313.08
340,47.90,313.09
341,47.97,313.13
342,47.85,313.14
343,47.86,313.11
344,47.77,313.06
345,47.76,312.96
346,47.81,313.17
347,47.80,313.13
348,47.86,313.07
349,47.63,313.13
350,47.76,313.08
351,47.79,313.22
352,47.77,313.20
353,47.87,313.08
354,47.93,313.18
355,48.01,313.19
356,49.56,312.80
357,50.38,312.83
358,50.76,312.98
359,50.72,313.12
360,50.63,313.05
361,50.61,312.86
362,50.54,312.77
363,50.49,312.87
364,50.56,312.92
365,50.55,312.95
366,50.83,313.06
367,51.99,312.85
368,52.43,312.83
369,53.00,312.65
370,53.01,312.75
371,53.07,312.77
372,53.02,312.74
373,52.96,312.62
374,52.89,312.52
375,52.80,312.49
376,52.94,312.62
377,53.65,312.58
378,53.59,312.68
379,53.83,312.80
380,54.44,312.48
381,54.50,312.32
382,54.68,312.48
383,55.36,312.24
384,55.55,312.48
385,55.24,313.07
386,54.56,313.72
387,54.04,314.53
388,54.46,313.73
389,54.59,313.33
390,54.17,313.12
391,53.31,312.95
392,53.02,312.95
393,51.84,313.26
394,50.65,313.64
395,49.57,313.91
396,48.49,314.12
397,47.41,314.40
398,47.79,314.30
399,48.02,314.05
400,48.02,313.89
401,48.43,313.94
402,48.27,313.71
403,48.10,313.68
404,47.87,313.91
405,47.87,314.34
406,47.70,314.50
407,47.68,314.45
408,47.70,314.56
409,47.62,314.54
410,47.53,314.42
411,47.65,314.46
412,47.55,314.58
413,47.64,314.61
414,47.61,314.52
415,47.60,314.44
416,47.54,314.47
417,47.64,314.41
418,47.69,314.39
419,47.66,314.39
420,47.75,314.53
421,47.77,314.50
422,47.82,314.49
423,47.79,314.50
424,47.80,314.43
425,47.67,314.42
426,47.67,314.43
427,47.67,314.38
428,47.62,314.49
429,47.71,314.49
430,47.63,314.50
431,47.61,314.47
432,47.56,314.46
433,47.79,314.45
434,47.68,314.54
435,47.70,314.71
436,47.72,314.66
437,47.67,314.74
438,47.72,314.75
439,47.73,314.83
440,47.81,314.89
441,47.80,314.96
442,47.84,314.93
443,47.87,314.90
444,47.84,314.93
445,47.93,314.98
446,47.62,314.77
447,47.79,314.88
448,47.79,314.84
449,47.49,315.04
450,47.19,315.16
451,46.78,315.31
452,46.47,315.40
453,47.88,314.79
454,48.20,314.69
455,48.07,314.88
456,48.36,314.77
457,48.27,314.92
458,48.03,314.80
459,48.15,314.76
460,48.15,314.86
461,48.31,314.91
462,48.38,314.77
463,48.31,315.28
464,48.24,315.32
465,48.29,315.10
466,48.19,315.06
467,48.24,315.17
468,48.22,315.21
469,48.19,315.11
470,47.96,315.27
471,48.09,315.28
472,48.02,315.25
473,47.94,315.16
474,48.14,315.17
475,47.99,315.12
476,48.21,315.16
477,48.14,315.07
478,48.10,315.11
479,48.09,314.88
480,48.12,314.71
481,48.15,314.61
482,48.15,314.65
483,48.16,314.41
484,48.21,314.37
485,48.29,314.25
486,49.29,313.68
487,52.33,312.04
488,56.18,310.11
489,58.14,310.29
490,58.39,309.99
491,58.36,309.94
492,58.30,309.94
493,58.21,310.06
494,58.25,309.98
495,58.11,310.04
496,58.18,310.02
497,58.19,309.92
498,58.23,310.01
499,58.18,310.12
500,58.24,310.08
501,57.98,310.12
502,57.57,310.38
503,57.41,310.58
504,57.39,310.53
505,57.32,310.59
506,56.98,310.89
507,56.49,311.47
508,56.42,311.50
509,56.42,311.52
510,56.40,311.56
511,56.03,311.76
512,55.53,312.06
513,55.53,312.03
514,55.58,312.07
515,55.54,312.17
516,55.50,311.94
517,55.00,312.09
518,53.53,312.44
519,53.00,312.37
520,52.97,312.44
521,53.10,312.68
522,52.91,312.70
523,52.76,312.50
524,52.32,312.40
525,51.28,312.77
526,50.39,312.85
527,50.26,312.74
528,50.65,312.65
529,50.29,312.70
530,49.39,312.28
531,49.16,312.14
532,49.05,312.08
533,48.82,311.98
534,47.52,311.57
535,46.37,315.24
536,46.91,314.67
537,47.26,314.41
538,47.35,311.80
539,47.36,311.92
540,47.32,311.97
541,47.27,311.97
542,47.13,312.07
543,47.18,312.06
544,47.07,312.18
545,47.09,312.26
546,47.09,312.26
547,47.03,312.20
548,46.98,312.21
549,46.95,312.17
550,46.96,312.15
551,46.93,312.11
552,46.87,312.13
553,46.80,312.04
554,46.84,311.94
555,46.77,311.84
556,46.78,311.74
557,46.72,311.67
558,46.75,311.76
559,46.87,311.74
560,46.78,311.63
561,46.87,311.60
562,46.81,311.53
563,46.79,311.56
564,46.86,311.58
565,47.02,311.83
566,47.10,311.94
567,47.03,312.05
568,46.87,311.87
569,46.78,311.91
570,46.72,311.96
571,46.70,312.15
572,47.06,312.65
573,47.33,312.74
574,47.75,313.08
575,48.37,313.39
576,49.87,313.02
577,50.76,313.21
578,51.33,313.18
579,51.98,313.24
580,52.77,313.31
581,53.46,313.15
582,53.67,313.05
583,54.46,312.70
584,55.05,312.41
585,55.22,312.32
586,55.61,311.92
587,56.38,311.40
588,55.94,311.66
589,55.19,312.67
590,53.01,314.38
591,51.62,315.42
592,50.87,316.12
593,50.92,316.25
594,51.29,316.34
595,51.49,316.38
596,51.37,316.44
597,51.23,316.59
598,50.91,316.92
599,50.50,317.23
600,50.34,317.43
601,50.23,317.52
602,50.27,317.49
603,50.34,317.43
604,50.27,317.48
605,50.11,317.63
606,50.07,317.65
607,49.86,317.83
608,49.65,317.94
609,49.24,317.99
610,48.73,318.26
611,48.09,318.48
612,47.59,318.71
613,47.78,318.81
614,48.03,318.66
615,47.94,318.60
616,47.74,318.73
617,47.41,318.89
618,46.93,319.14
619,46.71,319.72
620,48.41,319.47
621,41.08,319.08
622,42.95,318.06
623,43.06,318.45
624,43.18,318.05
625,43.27,318.08
626,43.52,318.13
627,43.32,318.05
628,43.30,318.06
629,43.43,317.98
630,43.50,318.01
631,43.54,318.02
632,43.61,317.96
633,43.62,317.97
634,43.68,317.89
635,43.77,317.89
636,43.86,317.97
637,43.77,317.97
638,43.84,317.88
639,43.74,317.79
640,43.80,317.89
641,43.69,317.81
642,43.73,317.88
643,43.65,317.76
644,43.63,317.79
645,43.67,317.84
646,43.69,317.84
647,43.67,317.73
648,43.61,317.71
649,43.67,317.76
650,43.69,317.79
651,43.59,317.84
652,43.38,317.81
653,43.01,318.09
654,42.81,318.47
655,43.07,318.70
656,43.27,318.97
657,43.25,318.69
658,43.20,318.75
659,43.28,318.78
660,43.32,318.77
661,43.29,318.79
662,43.32,318.74
663,43.30,318.72
664,43.40,318.70
665,43.21,318.72
666,43.57,318.77
667,43.61,319.05
668,43.76,318.88
669,43.59,318.69
670,43.66,318.95
671,43.65,318.98
672,43.74,318.96
673,43.88,319.06
674,43.73,319.36
675,43.60,319.56
676,43.85,319.34
677,43.96,319.37
678,43.98,319.39
679,43.91,319.34
680,43.88,319.30
681,43.92,319.35
682,43.94,319.30
683,43.89,319.26
684,43.88,319.33
685,43.95,319.42
686,44.09,319.40
687,44.00,319.40
688,43.95,319.53
689,44.01,319.54
690,44.01,319.58
691,44.09,319.56
692,43.96,319.51
693,43.98,319.47
694,43.91,319.52
695,43.88,319.47
696,43.99,319.46
697,43.88,319.35
698,43.81,319.23
699,43.88,319.31
700,43.84,319.27
701,43.84,319.24
702,43.88,319.30
703,43.79,319.20
704,43.90,319.26
705,43.89,319.17
706,43.77,319.05
707,43.76,319.06
708,43.68,318.94
709,43.56,318.95
710,43.60,319.18
711,43.37,319.34
712,43.28,319.62
713,43.07,319.66
714,42.77,319.96
715,42.59,320.27
716,43.22,319.98
717,44.05,319.38
718,45.42,319.12
719,46.83,319.00
720,48.88,318.60
721,50.21,317.86
722,52.28,315.72
723,53.79,314.36
724,54.72,313.27
725,55.15,312.64
726,55.48,312.31
727,55.72,311.89
728,54.48,312.60
729,53.68,312.32
730,53.23,312.38
731,53.26,312.49
732,53.35,312.03
733,52.75,311.93
734,51.53,315.36
735,50.82,316.20
736,49.87,318.15
737,51.20,311.96
738,51.17,311.96
739,51.21,311.99
740,51.24,311.92
741,51.13,312.00
742,51.13,312.07
743,51.05,312.03
744,50.97,312.14
745,50.86,312.33
746,50.91,312.46
747,50.88,312.50
748,51.10,312.17
749,51.09,312.38
750,50.90,312.75
751,50.73,312.77
752,50.40,312.99
753,50.77,312.98
754,50.88,312.96
755,50.96,312.90
756,50.91,312.98
757,50.96,312.98
758,51.11,313.06
759,51.14,312.92
760,51.26,312.68
761,51.31,312.65
762,51.35,312.57
763,51.37,312.49
764,51.46,312.53
765,51.46,312.56
766,51.36,312.48
767,51.41,312.48
768,51.44,312.53
769,51.47,312.63
770,51.49,312.81
771,51.52,312.93
772,51.51,312.92
773,51.46,313.02
774,51.42,313.12
775,51.48,313.10
776,51.48,313.24
777,51.44,313.24
778,51.44,313.16
779,51.44,313.17
780,51.40,313.07
781,51.33,312.98
782,51.35,312.94
783,51.36,312.92
784,51.37,312.79
785,51.34,312.76
786,51.33,312.74
787,51.31,312.64
788,51.27,312.57
789,51.22,312.48
790,51.20,312.42
791,51.24,312.38
792,51.28,312.42
793,51.30,312.36
794,51.28,312.35
795,51.23,312.29
796,51.20,312.27
797,51.24,312.26
798,51.19,312.28
799,51.23,312.26
800,51.16,312.22
801,51.17,312.22
802,51.19,312.21
803,51.19,312.21
804,51.19,312.29
805,51.23,312.30
806,51.24,312.37
807,51.30,312.48
808,51.28,312.64
809,51.21,312.72
810,51.17,312.76
811,51.13,312.84
812,51.07,312.74
813,51.21,312.86
814,51.14,313.03
815,50.87,313.06
816,50.96,313.07
817,50.89,313.05
818,50.86,312.82
819,50.65,312.74
820,50.77,312.75
821,50.85,312.67
822,50.93,312.84
823,51.27,312.94
824,51.35,312.97
825,51.29,312.89
826,51.64,313.36
827,51.30,313.01
828,51.39,312.94
829,51.29,313.01
830,51.30,313.06
831,51.40,313.02
832,51.36,313.14
833,51.39,313.06
834,51.99,313.13
835,53.30,313.14
836,53.89,312.67
837,54.48,312.77
838,54.00,313.71
839,53.86,313.68
840,52.68,314.53
841,52.64,314.79
842,53.83,313.81
843,54.48,313.27
844,55.06,312.66
845,55.52,312.43
846,55.66,312.41
847,55.69,312.17
848,55.71,312.63
849,55.54,313.39
850,55.77,313.18
851,55.85,313.19
852,55.93,313.25
853,55.76,313.24
854,55.59,312.74
855,55.74,313.06
856,55.46,313.13
857,54.95,313.50
858,54.05,313.91
859,52.89,314.27
860,51.52,315.31
861,50.99,315.51
862,50.94,314.52
863,50.94,314.02
864,50.84,313.66
865,50.55,313.78
866,50.12,313.81
867,50.01,313.85
868,49.16,314.12
869,48.76,314.67
870,48.82,314.83
871,48.86,314.86
872,48.78,314.76
873,48.90,314.97
874,49.04,315.20
875,49.11,315.21
876,49.05,315.09
877,48.99,315.27
878,49.06,315.41
879,49.03,315.43
880,48.91,315.37
881,48.90,315.39
882,48.88,315.38
883,48.92,315.37
884,48.84,315.40
885,48.81,315.47
886,48.83,315.48
887,48.89,315.42
888,48.80,315.54
889,48.82,315.54
890,48.75,315.49
891,48.79,315.60
892,48.74,315.63
893,48.66,315.68
894,48.64,315.73
895,48.64,315.78
896,48.63,315.81
897,48.54,315.83
898,48.58,315.79
899,48.50,315.71
900,48.50,315.77
901,48.60,315.76
902,48.62,315.68
903,48.56,315.77
904,48.62,315.73
905,48.65,315.61
906,48.52,315.57
907,48.57,315.57
908,48.61,315.49
909,48.67,315.52
910,48.67,315.47
911,48.61,315.45
912,48.72,315.41
913,48.77,315.48
914,48.70,315.43
915,48.74,315.44
916,48.72,315.50
917,48.69,315.49
918,48.74,315.50
919,48.69,315.52
920,48.70,315.53
921,48.83,315.69
922,48.80,315.69
923,48.77,315.78
924,48.72,315.62
925,48.73,315.76
926,48.79,315.91
927,48.76,315.89
928,48.70,315.98
929,48.70,316.07
930,48.72,315.98
931,48.69,315.97
932,48.66,316.01
933,48.69,316.00
934,48.69,315.96
935,48.70,315.89
936,48.62,315.85
937,48.59,315.88
938,48.63,315.85
939,48.59,315.80
940,48.53,315.71
941,48.49,315.58
942,48.48,315.51
943,48.51,315.40
944,48.54,315.31
945,48.61,315.26
946,48.53,315.26
947,48.60,315.25
948,48.57,315.16
949,48.56,315.08
950,48.63,315.11
951,48.57,315.05
952,48.47,315.09
953,48.58,315.09
954,48.60,315.00
955,48.62,315.03
956,48.54,314.95
957,48.45,314.99
958,48.49,315.02
959,48.40,314.94
960,48.39,315.03
961,48.40,315.01
962,48.38,315.00
963,48.55,315.20
964,48.35,315.30
965,48.22,315.38
966,48.11,315.37
967,48.17,315.41
968,48.23,315.49
969,48.23,315.50
970,48.30,315.50
971,48.43,315.51
972,48.33,315.76
973,48.22,315.54
974,49.83,315.24
975,51.33,315.33
976,51.25,315.49
977,50.75,315.67
978,51.04,315.25
979,52.43,313.19
980,51.85,313.10
981,51.82,313.30
982,51.68,313.20
983,49.03,312.64
984,48.64,312.65
985,48.64,312.67
986,48.67,312.68
987,48.68,312.90
988,47.76,312.84
989,47.13,312.67
990,47.03,312.66
991,46.93,312.54
992,46.99,312.48
993,47.10,312.50
994,47.18,312.60
995,47.17,312.58
996,47.21,312.59
997,47.25,312.56
998,47.24,312.54
999,47.19,312.49
1000,47.24,312.56
1001,47.26,312.62
1002,47.29,312.52
1003,47.25,312.57
1004,47.19,312.63
1005,47.22,312.60
1006,47.26,312.56
1007,47.40,312.82
1008,47.27,312.72
1009,47.24,312.67
1010,47.23,312.68
1011,47.17,312.66
1012,47.17,312.58
1013,47.20,312.60
1014,47.29,312.55
1015,47.24,312.55
1016,47.23,312.56
1017,47.21,312.55
1018,47.36,312.77
1019,47.40,312.78
1020,47.43,312.71
1021,47.38,312.79
1022,47.39,312.81
1023,47.40,312.86
1024,47.38,312.78
1025,47.43,312.79
1026,47.37,312.68
1027,47.38,312.72
1028,47.39,312.74
1029,47.45,312.80
1030,47.44,312.77
1031,47.45,312.82
1032,47.45,312.88
1033,47.38,312.81
1034,47.38,312.77
1035,47.39,312.81
1036,47.43,312.82
1037,47.39,312.86
1038,47.39,312.79
1039,47.32,312.71
1040,47.32,312.69
1041,47.31,312.74
1042,47.36,312.74
1043,47.37,312.74
1044,47.37,312.77
1045,47.35,312.76
1046,47.35,312.74
1047,47.32,312.72
1048,47.34,312.69
1049,47.31,312.67
1050,47.26,312.69
1051,47.29,312.75
1052,47.22,312.71
1053,47.21,312.76
1054,47.19,312.79
1055,47.16,312.67
1056,47.11,312.79
1057,47.08,312.70
1058,47.00,312.76
1059,46.83,312.82
1060,46.80,312.90
1061,46.89,312.84
1062,46.84,312.85
1063,46.72,312.93
1064,46.84,312.85
1065,46.74,312.98
1066,46.74,312.96
1067,46.78,312.92
1068,46.81,313.06
1069,46.86,313.22
1070,46.97,313.26
1071,46.96,313.16
1072,46.80,313.11
1073,46.79,312.95
1074,46.69,312.99
1075,46.88,312.92
1076,46.98,312.86
1077,46.94,312.90
1078,47.34,313.01
1079,48.48,312.98
1080,50.56,312.83
1081,51.28,313.05
1082,52.36,313.00
1083,52.24,313.05
1084,51.69,313.25
1085,50.80,313.80
1086,50.67,313.89
1087,51.29,313.30
1088,50.46,313.99
1089,50.36,314.54
1090,51.56,314.07
1091,52.29,314.00
1092,50.49,315.73
1093,51.48,315.05
1094,51.73,314.46
1095,50.41,314.41
1096,49.98,314.30
1097,49.63,314.44
1098,49.30,314.78
1099,49.05,315.04
1100,47.99,315.45
1101,45.14,317.22
1102,41.39,319.29
1103,39.59,318.71
1104,39.69,318.68
1105,39.47,318.90
1106,38.97,319.23
1107,39.00,319.40
1108,39.36,319.67
1109,38.73,319.49
1110,38.58,319.52
1111,38.72,319.40
1112,38.69,319.37
1113,38.77,319.49
1114,38.66,319.39
1115,38.56,319.41
1116,38.50,319.40
1117,38.25,319.25
1118,38.08,319.32
1119,38.26,319.36
1120,38.24,319.29
1121,38.11,319.33
1122,38.20,319.38
1123,38.16,319.36
1124,38.23,319.39
1125,37.78,319.18
1126,37.67,319.25
1127,37.64,319.04
1128,37.60,318.93
1129,37.40,318.93
1130,37.59,318.90
1131,37.50,318.83
1132,37.44,318.94
1133,37.66,318.97
1134,37.53,319.06
1135,37.57,319.20
1136,38.09,319.32
1137,37.81,319.27
1138,37.89,319.37
1139,37.51,319.19
1140,37.51,319.17
1141,37.54,319.16
1142,37.57,319.15
1143,37.64,319.13
1144,37.73,319.10
1145,37.61,319.17
1146,37.60,319.16
1147,37.48,319.10
1148,37.37,319.01
1149,37.48,319.21
1150,36.91,318.77
1151,37.31,318.84
1152,37.39,318.80
1153,37.44,318.78
1154,37.28,318.60
1155,37.35,318.70
1156,37.29,318.68
1157,37.46,318.84
1158,37.39,318.80
1159,37.39,318.76
1160,37.34,318.81
1161,37.38,318.93
1162,37.80,319.17
1163,37.55,319.16
1164,37.54,319.13
1165,37.50,319.13
1166,37.41,319.07
1167,37.46,319.14
1168,37.54,319.21
1169,37.49,319.16
1170,37.54,319.20
1171,37.46,319.14
1172,37.52,319.14
1173,37.48,318.98
1174,37.52,318.94
1175,37.73,318.86
1176,38.28,319.12
1177,38.22,319.06
1178,37.86,318.40
1179,37.85,318.43
1180,38.22,318.50
1181,38.46,318.60
1182,38.67,318.70
1183,38.46,318.57
1184,38.67,318.72
1185,38.88,318.87
1186,39.04,318.96
1187,39.12,318.74
1188,39.42,318.82
1189,40.02,318.79
1190,40.95,318.89
1191,42.02,318.83
1192,42.72,318.39
1193,43.43,318.06
1194,55.07,311.65
1195,54.21,312.09
1196,53.57,312.05
1197,52.95,312.33
1198,51.74,312.35
1199,51.03,312.48
1200,50.72,312.36
1201,50.26,312.48
1202,49.79,312.63
1203,49.52,312.79
1204,49.60,313.04
1205,48.77,313.47
1206,48.26,313.58
1207,48.41,313.82
1208,48.44,313.82
1209,49.32,314.46
1210,50.32,314.69
1211,52.36,313.30
1212,54.23,309.73
1213,56.04,307.17
1214,57.88,306.11
1215,59.96,305.97
1216,61.71,306.07
1217,63.75,305.73
1218,65.81,305.61
1219,67.98,306.15
1220,69.79,306.39
1221,71.30,306.25
1222,72.57,305.66
1223,73.35,305.26
1224,74.19,304.95
1225,75.18,304.66
1226,75.18,304.18
1227,74.94,303.58
1228,74.56,302.93
1229,73.41,302.14
1230,72.36,301.32
1231,71.82,300.16
1232,71.71,299.46
1233,71.70,299.01
1234,71.22,298.73
1235,70.48,298.55
1236,69.25,298.02
1237,68.39,297.13
1238,67.80,296.90
1239,66.98,296.72
1240,66.25,296.15
1241,65.98,295.83
1242,66.10,295.84
1243,66.30,295.96
1244,66.60,295.83
1245,66.71,295.84
1246,66.43,295.87
1247,66.34,295.83
1248,66.36,295.87
1249,66.41,295.94
1250,66.40,295.99
1251,66.21,295.84
1252,65.70,295.62
1253,65.01,295.16
1254,64.56,294.85
1255,64.43,294.80
1256,64.33,294.86
1257,64.43,294.73
1258,64.48,294.50
1259,64.44,294.31
1260,64.55,293.99
1261,64.76,293.57
1262,64.71,293.33
1263,64.97,293.00
1264,65.14,292.76
1265,65.28,292.32
1266,65.25,291.75
1267,65.25,291.36
1268,65.45,291.09
1269,65.53,290.84
1270,65.55,290.71
1271,65.78,290.17
1272,65.62,290.01
1273,65.45,290.01
1274,65.32,289.78
