frame_idx,aperture,state
0,0.90761,OPEN
1,0.90676,OPEN
2,0.90642,OPEN
3,0.90671,OPEN
4,0.90823,OPEN
5,0.90854,OPEN
6,0.90897,OPEN
7,0.90797,OPEN
8,0.90677,OPEN
9,0.90806,OPEN
10,0.90925,OPEN
11,0.90814,OPEN
12,0.90848,OPEN
13,0.90777,OPEN
14,0.90737,OPEN
15,0.90756,OPEN
16,0.90913,OPEN
17,0.90981,OPEN
18,0.90900,OPEN
19,0.90888,OPEN
20,0.90874,OPEN
21,0.90983,OPEN
22,0.90776,OPEN
23,0.90819,OPEN
24,0.90788,OPEN
25,0.90921,OPEN
26,0.90789,OPEN
27,0.90713,OPEN
28,0.90712,OPEN
29,0.90687,OPEN
30,0.90840,OPEN
31,0.90835,OPEN
32,0.90918,OPEN
33,0.90984,OPEN
34,0.90880,OPEN
35,0.90933,OPEN
36,0.90957,OPEN
37,0.90916,OPEN
38,0.91018,OPEN
39,0.90947,OPEN
40,0.90937,OPEN
41,0.89625,OPEN
42,0.83111,OPEN
43,0.81957,OPEN
44,0.81961,OPEN
45,0.81877,OPEN
46,0.81751,OPEN
47,0.81751,OPEN
48,0.81717,OPEN
49,0.82126,OPEN
50,0.82347,OPEN
51,0.82275,OPEN
52,0.82216,OPEN
53,0.82019,OPEN
54,0.79487,OPEN
55,0.79156,OPEN
56,0.78216,OPEN
57,0.77949,OPEN
58,0.78026,OPEN
59,0.77874,OPEN
60,0.77913,OPEN
61,0.77639,OPEN
62,0.73679,OPEN
63,0.70308,OPEN
64,0.65074,OPEN
65,0.63280,OPEN
66,0.60570,OPEN
67,0.59272,OPEN
68,0.59188,OPEN
69,0.58511,OPEN
70,0.54506,OPEN
71,0.50610,OPEN
72,0.46326,CLOSED
73,0.44515,CLOSED
74,0.42594,CLOSED
75,0.42064,CLOSED
76,0.40782,CLOSED
77,0.34197,CLOSED
78,0.25026,CLOSED
79,0.18818,CLOSED
80,0.14491,CLOSED
81,0.11223,CLOSED
82,0.09296,CLOSED
83,0.07648,CLOSED
84,0.07200,CLOSED
85,0.07114,CLOSED
86,0.07049,CLOSED
87,0.07199,CLOSED
88,0.07358,CLOSED
89,0.07403,CLOSED
90,0.07426,CLOSED
91,0.07445,CLOSED
92,0.07341,CLOSED
93,0.07364,CLOSED
94,0.07845,CLOSED
95,0.08239,CLOSED
96,0.08823,CLOSED
97,0.09279,CLOSED
98,0.09486,CLOSED
99,0.09968,CLOSED
100,0.10847,CLOSED
101,0.11525,CLOSED
102,0.11823,CLOSED
103,0.11926,CLOSED
104,0.11826,CLOSED
105,0.11784,CLOSED
106,0.11920,CLOSED
107,0.11870,CLOSED
108,0.11802,CLOSED
109,0.11745,CLOSED
110,0.11725,CLOSED
111,0.11739,CLOSED
112,0.12019,CLOSED
113,0.12224,CLOSED
114,0.12164,CLOSED
115,0.11290,CLOSED
116,0.10177,CLOSED
117,0.09906,CLOSED
118,0.10396,CLOSED
119,0.10628,CLOSED
120,0.10929,CLOSED
121,0.11091,CLOSED
122,0.11340,CLOSED
123,0.11685,CLOSED
124,0.12451,CLOSED
125,0.13013,CLOSED
126,0.12841,CLOSED
127,0.12452,CLOSED
128,0.12783,CLOSED
129,0.13577,CLOSED
130,0.14241,CLOSED
131,0.15249,CLOSED
132,0.14802,CLOSED
133,0.14249,CLOSED
134,0.14448,CLOSED
135,0.15111,CLOSED
136,0.13133,CLOSED
137,0.10507,CLOSED
138,0.05787,CLOSED
139,0.03756,CLOSED
140,0.03721,CLOSED
141,0.03899,CLOSED
142,0.04086,CLOSED
143,0.04136,CLOSED
144,0.04149,CLOSED
145,0.03942,CLOSED
146,0.04073,CLOSED
147,0.04046,CLOSED
148,0.03931,CLOSED
149,0.03942,CLOSED
150,0.03821,CLOSED
151,0.03716,CLOSED
152,0.03701,CLOSED
153,0.03597,CLOSED
154,0.03689,CLOSED
155,0.03623,CLOSED
156,0.03567,CLOSED
157,0.03572,CLOSED
158,0.03499,CLOSED
159,0.03514,CLOSED
160,0.03528,CLOSED
161,0.03516,CLOSED
162,0.03742,CLOSED
163,0.03760,CLOSED
164,0.03848,CLOSED
165,0.03825,CLOSED
166,0.03551,CLOSED
167,0.04015,CLOSED
168,0.04031,CLOSED
169,0.04103,CLOSED
170,0.04112,CLOSED
171,0.04046,CLOSED
172,0.04094,CLOSED
173,0.04203,CLOSED
174,0.04447,CLOSED
175,0.04623,CLOSED
176,0.04648,CLOSED
177,0.04796,CLOSED
178,0.04917,CLOSED
179,0.04686,CLOSED
180,0.04939,CLOSED
181,0.05395,CLOSED
182,0.05653,CLOSED
183,0.05298,CLOSED
184,0.05558,CLOSED
185,0.05413,CLOSED
186,0.05718,CLOSED
187,0.05422,CLOSED
188,0.05352,CLOSED
189,0.05184,CLOSED
190,0.04721,CLOSED
191,0.04531,CLOSED
192,0.04355,CLOSED
193,0.03354,CLOSED
194,0.04264,CLOSED
195,0.04179,CLOSED
196,0.04131,CLOSED
197,0.04039,CLOSED
198,0.04025,CLOSED
199,0.04159,CLOSED
200,0.04144,CLOSED
201,0.03785,CLOSED
202,0.04565,CLOSED
203,0.05989,CLOSED
204,0.08536,CLOSED
205,0.12199,CLOSED
206,0.16881,CLOSED
207,0.21482,CLOSED
208,0.24907,CLOSED
209,0.26705,CLOSED
210,0.27496,CLOSED
211,0.27757,CLOSED
212,0.27987,CLOSED
213,0.27954,CLOSED
214,0.27784,CLOSED
215,0.27492,CLOSED
216,0.27601,CLOSED
217,0.27428,CLOSED
218,0.26960,CLOSED
219,0.26366,CLOSED
220,0.25684,CLOSED
221,0.24727,CLOSED
222,0.23436,CLOSED
223,0.20752,CLOSED
224,0.19840,CLOSED
225,0.19412,CLOSED
226,0.18156,CLOSED
227,0.17386,CLOSED
228,0.18032,CLOSED
229,0.17993,CLOSED
230,0.17156,CLOSED
231,0.16382,CLOSED
232,0.15305,CLOSED
233,0.14046,CLOSED
234,0.06438,CLOSED
235,0.09973,CLOSED
236,0.10353,CLOSED
237,0.10071,CLOSED
238,0.09325,CLOSED
239,0.11485,CLOSED
240,0.13928,CLOSED
241,0.14864,CLOSED
242,0.15802,CLOSED
243,0.04275,CLOSED
244,0.05382,CLOSED
245,0.09526,CLOSED
246,0.14218,CLOSED
247,0.17933,CLOSED
248,0.19801,CLOSED
249,0.21602,CLOSED
250,0.22710,CLOSED
251,0.24161,CLOSED
252,0.26510,CLOSED
253,0.31672,CLOSED
254,0.36013,CLOSED
255,0.41705,CLOSED
256,0.50721,OPEN
257,0.58085,OPEN
258,0.65648,OPEN
259,0.78533,OPEN
260,0.83683,OPEN
261,0.83853,OPEN
262,0.83841,OPEN
263,0.83937,OPEN
264,0.83858,OPEN
265,0.83893,OPEN
266,0.83945,OPEN
267,0.83713,OPEN
268,0.83515,OPEN
269,0.83318,OPEN
270,0.83404,OPEN
271,0.87533,OPEN
272,0.89941,OPEN
273,0.93416,OPEN
274,0.94198,OPEN
275,0.94209,OPEN
276,0.94202,OPEN
277,0.94151,OPEN
278,0.94307,OPEN
279,0.94398,OPEN
280,0.94490,OPEN
281,0.94473,OPEN
282,0.94316,OPEN
283,0.94294,OPEN
284,0.94243,OPEN
285,0.94089,OPEN
286,0.94048,OPEN
287,0.93980,OPEN
288,0.94062,OPEN
289,0.93938,OPEN
290,0.93885,OPEN
291,0.93847,OPEN
292,0.93806,OPEN
293,0.93779,OPEN
294,0.93697,OPEN
295,0.93592,OPEN
296,0.93581,OPEN
297,0.93600,OPEN
298,0.93694,OPEN
299,0.93658,OPEN
300,0.93474,OPEN
301,0.93021,OPEN
302,0.91804,OPEN
303,0.91724,OPEN
304,0.91642,OPEN
305,0.91710,OPEN
306,0.91740,OPEN
307,0.91973,OPEN
308,0.91989,OPEN
309,0.92103,OPEN
310,0.92024,OPEN
311,0.92069,OPEN
312,0.92209,OPEN
313,0.92214,OPEN
314,0.92150,OPEN
315,0.92045,OPEN
316,0.92040,OPEN
317,0.92125,OPEN
318,0.92156,OPEN
319,0.92153,OPEN
320,0.92166,OPEN
321,0.92247,OPEN
322,0.92173,OPEN
323,0.92231,OPEN
324,0.92144,OPEN
325,0.92171,OPEN
326,0.92274,OPEN
327,0.92407,OPEN
328,0.92482,OPEN
329,0.92299,OPEN
330,0.92344,OPEN
331,0.92392,OPEN
332,0.92376,OPEN
333,0.92329,OPEN
334,0.92305,OPEN
335,0.92303,OPEN
336,0.92288,OPEN
337,0.92267,OPEN
338,0.92332,OPEN
339,0.92359,OPEN
340,0.92281,OPEN
341,0.92273,OPEN
342,0.92286,OPEN
343,0.92356,OPEN
344,0.92286,OPEN
345,0.92432,OPEN
346,0.92230,OPEN
347,0.92237,OPEN
348,0.92157,OPEN
349,0.92045,OPEN
350,0.92048,OPEN
351,0.92061,OPEN
352,0.92113,OPEN
353,0.91990,OPEN
354,0.92045,OPEN
355,0.91946,OPEN
356,0.80253,OPEN
357,0.75972,OPEN
358,0.74009,OPEN
359,0.73709,OPEN
360,0.73726,OPEN
361,0.73801,OPEN
362,0.73748,OPEN
363,0.73852,OPEN
364,0.73841,OPEN
365,0.73741,OPEN
366,0.70499,OPEN
367,0.63610,OPEN
368,0.59851,OPEN
369,0.56071,OPEN
370,0.56002,OPEN
371,0.55938,OPEN
372,0.56012,OPEN
373,0.55971,OPEN
374,0.56072,OPEN
375,0.56116,OPEN
376,0.55159,OPEN
377,0.51838,OPEN
378,0.51383,OPEN
379,0.49709,CLOSED
380,0.45366,CLOSED
381,0.43974,CLOSED
382,0.38851,CLOSED
383,0.33311,CLOSED
384,0.30139,CLOSED
385,0.29496,CLOSED
386,0.28251,CLOSED
387,0.24916,CLOSED
388,0.20764,CLOSED
389,0.18109,CLOSED
390,0.15254,CLOSED
391,0.15412,CLOSED
392,0.15656,CLOSED
393,0.16456,CLOSED
394,0.17454,CLOSED
395,0.18363,CLOSED
396,0.19107,CLOSED
397,0.19874,CLOSED
398,0.19584,CLOSED
399,0.19143,CLOSED
400,0.19251,CLOSED
401,0.18619,CLOSED
402,0.18277,CLOSED
403,0.18077,CLOSED
404,0.17993,CLOSED
405,0.17966,CLOSED
406,0.17764,CLOSED
407,0.17476,CLOSED
408,0.17578,CLOSED
409,0.17424,CLOSED
410,0.17455,CLOSED
411,0.17465,CLOSED
412,0.17473,CLOSED
413,0.17508,CLOSED
414,0.17565,CLOSED
415,0.17580,CLOSED
416,0.17457,CLOSED
417,0.17402,CLOSED
418,0.17464,CLOSED
419,0.17583,CLOSED
420,0.17700,CLOSED
421,0.17651,CLOSED
422,0.17733,CLOSED
423,0.17713,CLOSED
424,0.17708,CLOSED
425,0.17735,CLOSED
426,0.17796,CLOSED
427,0.17804,CLOSED
428,0.17882,CLOSED
429,0.17889,CLOSED
430,0.18018,CLOSED
431,0.17888,CLOSED
432,0.17940,CLOSED
433,0.17873,CLOSED
434,0.17935,CLOSED
435,0.18035,CLOSED
436,0.17947,CLOSED
437,0.17896,CLOSED
438,0.17927,CLOSED
439,0.17887,CLOSED
440,0.17717,CLOSED
441,0.17710,CLOSED
442,0.17677,CLOSED
443,0.17574,CLOSED
444,0.17603,CLOSED
445,0.17606,CLOSED
446,0.17899,CLOSED
447,0.17743,CLOSED
448,0.18026,CLOSED
449,0.18350,CLOSED
450,0.18805,CLOSED
451,0.19142,CLOSED
452,0.19340,CLOSED
453,0.18330,CLOSED
454,0.18089,CLOSED
455,0.18284,CLOSED
456,0.18118,CLOSED
457,0.18242,CLOSED
458,0.18057,CLOSED
459,0.18008,CLOSED
460,0.18113,CLOSED
461,0.18113,CLOSED
462,0.18216,CLOSED
463,0.18122,CLOSED
464,0.18259,CLOSED
465,0.18095,CLOSED
466,0.18015,CLOSED
467,0.17947,CLOSED
468,0.18049,CLOSED
469,0.17975,CLOSED
470,0.18144,CLOSED
471,0.18153,CLOSED
472,0.18076,CLOSED
473,0.18093,CLOSED
474,0.18074,CLOSED
475,0.18101,CLOSED
476,0.18045,CLOSED
477,0.18135,CLOSED
478,0.18177,CLOSED
479,0.18170,CLOSED
480,0.18152,CLOSED
481,0.18014,CLOSED
482,0.18164,CLOSED
483,0.18056,CLOSED
484,0.18055,CLOSED
485,0.18006,CLOSED
486,0.16811,CLOSED
487,0.13341,CLOSED
488,0.08287,CLOSED
489,0.06266,CLOSED
490,0.06704,CLOSED
491,0.06558,CLOSED
492,0.06460,CLOSED
493,0.06280,CLOSED
494,0.06207,CLOSED
495,0.06181,CLOSED
496,0.06155,CLOSED
497,0.06355,CLOSED
498,0.06623,CLOSED
499,0.06664,CLOSED
500,0.06698,CLOSED
501,0.08530,CLOSED
502,0.13277,CLOSED
503,0.16900,CLOSED
504,0.17006,CLOSED
505,0.17051,CLOSED
506,0.20259,CLOSED
507,0.26842,CLOSED
508,0.28648,CLOSED
509,0.28794,CLOSED
510,0.28792,CLOSED
511,0.31059,CLOSED
512,0.35528,CLOSED
513,0.35750,CLOSED
514,0.35810,CLOSED
515,0.35888,CLOSED
516,0.35673,CLOSED
517,0.39473,CLOSED
518,0.50196,OPEN
519,0.55452,OPEN
520,0.56684,OPEN
521,0.56817,OPEN
522,0.56638,OPEN
523,0.56432,OPEN
524,0.56417,OPEN
525,0.58727,OPEN
526,0.66734,OPEN
527,0.71354,OPEN
528,0.71436,OPEN
529,0.73565,OPEN
530,0.81158,OPEN
531,0.84613,OPEN
532,0.86499,OPEN
533,0.89476,OPEN
534,0.97620,OPEN
535,0.94245,OPEN
536,0.95190,OPEN
537,0.95499,OPEN
538,0.99903,OPEN
539,0.99720,OPEN
540,0.99688,OPEN
541,0.99725,OPEN
542,0.99614,OPEN
543,0.99678,OPEN
544,0.99499,OPEN
545,0.99590,OPEN
546,0.99570,OPEN
547,0.99654,OPEN
548,0.99754,OPEN
549,0.99697,OPEN
550,0.99793,OPEN
551,0.99886,OPEN
552,0.99870,OPEN
553,1.00000,OPEN
554,1.00000,OPEN
555,1.00000,OPEN
556,1.00000,OPEN
557,1.00000,OPEN
558,1.00000,OPEN
559,1.00000,OPEN
560,1.00000,OPEN
561,1.00000,OPEN
562,1.00000,OPEN
563,1.00000,OPEN
564,1.00000,OPEN
565,1.00000,OPEN
566,0.99736,OPEN
567,0.99767,OPEN
568,0.99998,OPEN
569,0.99913,OPEN
570,0.99960,OPEN
571,0.99967,OPEN
572,0.97790,OPEN
573,0.96267,OPEN
574,0.92631,OPEN
575,0.84921,OPEN
576,0.76475,OPEN
577,0.71720,OPEN
578,0.67502,OPEN
579,0.63030,OPEN
580,0.58465,OPEN
581,0.54495,OPEN
582,0.51566,OPEN
583,0.44441,CLOSED
584,0.41093,CLOSED
585,0.37962,CLOSED
586,0.32604,CLOSED
587,0.24320,CLOSED
588,0.18520,CLOSED
589,0.15338,CLOSED
590,0.14750,CLOSED
591,0.14837,CLOSED
592,0.14650,CLOSED
593,0.14482,CLOSED
594,0.13932,CLOSED
595,0.13554,CLOSED
596,0.13577,CLOSED
597,0.13721,CLOSED
598,0.14138,CLOSED
599,0.14554,CLOSED
600,0.14892,CLOSED
601,0.14939,CLOSED
602,0.14775,CLOSED
603,0.14598,CLOSED
604,0.14698,CLOSED
605,0.14907,CLOSED
606,0.14883,CLOSED
607,0.15028,CLOSED
608,0.15252,CLOSED
609,0.15426,CLOSED
610,0.15850,CLOSED
611,0.16347,CLOSED
612,0.16875,CLOSED
613,0.16776,CLOSED
614,0.16512,CLOSED
615,0.16495,CLOSED
616,0.16751,CLOSED
617,0.17120,CLOSED
618,0.17773,CLOSED
619,0.18394,CLOSED
620,0.12679,CLOSED
621,0.00797,CLOSED
622,0.01136,CLOSED
623,0.01196,CLOSED
624,0.00869,CLOSED
625,0.00850,CLOSED
626,0.00873,CLOSED
627,0.00814,CLOSED
628,0.00885,CLOSED
629,0.00783,CLOSED
630,0.00667,CLOSED
631,0.00879,CLOSED
632,0.00702,CLOSED
633,0.00499,CLOSED
634,0.00374,CLOSED
635,0.00316,CLOSED
636,0.00397,CLOSED
637,0.00326,CLOSED
638,0.00214,CLOSED
639,0.00197,CLOSED
640,0.00146,CLOSED
641,0.00250,CLOSED
642,0.00251,CLOSED
643,0.00183,CLOSED
644,0.00217,CLOSED
645,0.00283,CLOSED
646,0.00297,CLOSED
647,0.00185,CLOSED
648,0.00242,CLOSED
649,0.00332,CLOSED
650,0.00425,CLOSED
651,0.00560,CLOSED
652,0.00770,CLOSED
653,0.01001,CLOSED
654,0.01208,CLOSED
655,0.01083,CLOSED
656,0.01054,CLOSED
657,0.00797,CLOSED
658,0.00588,CLOSED
659,0.00683,CLOSED
660,0.00639,CLOSED
661,0.00687,CLOSED
662,0.00605,CLOSED
663,0.00481,CLOSED
664,0.00431,CLOSED
665,0.00611,CLOSED
666,0.00514,CLOSED
667,0.00348,CLOSED
668,0.00000,CLOSED
669,0.00000,CLOSED
670,0.00130,CLOSED
671,0.00114,CLOSED
672,0.00020,CLOSED
673,0.00000,CLOSED
674,0.00470,CLOSED
675,0.00811,CLOSED
676,0.00335,CLOSED
677,0.00305,CLOSED
678,0.00258,CLOSED
679,0.00349,CLOSED
680,0.00244,CLOSED
681,0.00272,CLOSED
682,0.00192,CLOSED
683,0.00149,CLOSED
684,0.00145,CLOSED
685,0.00109,CLOSED
686,0.00214,CLOSED
687,0.00303,CLOSED
688,0.00271,CLOSED
689,0.00238,CLOSED
690,0.00226,CLOSED
691,0.00210,CLOSED
692,0.00131,CLOSED
693,0.00052,CLOSED
694,0.00173,CLOSED
695,0.00047,CLOSED
696,0.00000,CLOSED
697,0.00016,CLOSED
698,0.00000,CLOSED
699,0.00000,CLOSED
700,0.00000,CLOSED
701,0.00000,CLOSED
702,0.00000,CLOSED
703,0.00000,CLOSED
704,0.00004,CLOSED
705,0.00000,CLOSED
706,0.00000,CLOSED
707,0.00000,CLOSED
708,0.00006,CLOSED
709,0.00074,CLOSED
710,0.00528,CLOSED
711,0.01038,CLOSED
712,0.01432,CLOSED
713,0.01572,CLOSED
714,0.02068,CLOSED
715,0.03072,CLOSED
716,0.04223,CLOSED
717,0.05758,CLOSED
718,0.07521,CLOSED
719,0.09571,CLOSED
720,0.12931,CLOSED
721,0.15763,CLOSED
722,0.20048,CLOSED
723,0.23555,CLOSED
724,0.27913,CLOSED
725,0.30362,CLOSED
726,0.30279,CLOSED
727,0.30843,CLOSED
728,0.37948,CLOSED
729,0.47974,CLOSED
730,0.52396,OPEN
731,0.52520,OPEN
732,0.53112,OPEN
733,0.57118,OPEN
734,0.55274,OPEN
735,0.57076,OPEN
736,0.56765,OPEN
737,0.69429,OPEN
738,0.69418,OPEN
739,0.69450,OPEN
740,0.69561,OPEN
741,0.69483,OPEN
742,0.69655,OPEN
743,0.69808,OPEN
744,0.69813,OPEN
745,0.69917,OPEN
746,0.69904,OPEN
747,0.69683,OPEN
748,0.69120,OPEN
749,0.68820,OPEN
750,0.69690,OPEN
751,0.69659,OPEN
752,0.69715,OPEN
753,0.69763,OPEN
754,0.69739,OPEN
755,0.69645,OPEN
756,0.69602,OPEN
757,0.69589,OPEN
758,0.69596,OPEN
759,0.69559,OPEN
760,0.69408,OPEN
761,0.69262,OPEN
762,0.69242,OPEN
763,0.69274,OPEN
764,0.69138,OPEN
765,0.69141,OPEN
766,0.69164,OPEN
767,0.69214,OPEN
768,0.69226,OPEN
769,0.69118,OPEN
770,0.69104,OPEN
771,0.69137,OPEN
772,0.69103,OPEN
773,0.69200,OPEN
774,0.69277,OPEN
775,0.69235,OPEN
776,0.69243,OPEN
777,0.69272,OPEN
778,0.69255,OPEN
779,0.69183,OPEN
780,0.69158,OPEN
781,0.69222,OPEN
782,0.69201,OPEN
783,0.69214,OPEN
784,0.69179,OPEN
785,0.69162,OPEN
786,0.69188,OPEN
787,0.69164,OPEN
788,0.69091,OPEN
789,0.69165,OPEN
790,0.69186,OPEN
791,0.69108,OPEN
792,0.69125,OPEN
793,0.69128,OPEN
794,0.69111,OPEN
795,0.69146,OPEN
796,0.69148,OPEN
797,0.69110,OPEN
798,0.69133,OPEN
799,0.69168,OPEN
800,0.69121,OPEN
801,0.69170,OPEN
802,0.69103,OPEN
803,0.69095,OPEN
804,0.69076,OPEN
805,0.69027,OPEN
806,0.69109,OPEN
807,0.69014,OPEN
808,0.69158,OPEN
809,0.69237,OPEN
810,0.69283,OPEN
811,0.69287,OPEN
812,0.69300,OPEN
813,0.69298,OPEN
814,0.69254,OPEN
815,0.69477,OPEN
816,0.69351,OPEN
817,0.69316,OPEN
818,0.69272,OPEN
819,0.69221,OPEN
820,0.69220,OPEN
821,0.69329,OPEN
822,0.69145,OPEN
823,0.69084,OPEN
824,0.68911,OPEN
825,0.68814,OPEN
826,0.68227,OPEN
827,0.68725,OPEN
828,0.68801,OPEN
829,0.68905,OPEN
830,0.69005,OPEN
831,0.68991,OPEN
832,0.69181,OPEN
833,0.68766,OPEN
834,0.64185,OPEN
835,0.56210,OPEN
836,0.51286,OPEN
837,0.46009,CLOSED
838,0.43009,CLOSED
839,0.41705,CLOSED
840,0.38079,CLOSED
841,0.33490,CLOSED
842,0.29461,CLOSED
843,0.28526,CLOSED
844,0.27541,CLOSED
845,0.26918,CLOSED
846,0.26646,CLOSED
847,0.25532,CLOSED
848,0.23401,CLOSED
849,0.16984,CLOSED
850,0.13269,CLOSED
851,0.13370,CLOSED
852,0.13387,CLOSED
853,0.13282,CLOSED
854,0.13496,CLOSED
855,0.14234,CLOSED
856,0.15017,CLOSED
857,0.15789,CLOSED
858,0.16936,CLOSED
859,0.20600,CLOSED
860,0.24168,CLOSED
861,0.25121,CLOSED
862,0.24432,CLOSED
863,0.23802,CLOSED
864,0.23678,CLOSED
865,0.23508,CLOSED
866,0.23707,CLOSED
867,0.23396,CLOSED
868,0.22064,CLOSED
869,0.20794,CLOSED
870,0.20190,CLOSED
871,0.19967,CLOSED
872,0.19797,CLOSED
873,0.19697,CLOSED
874,0.19671,CLOSED
875,0.19595,CLOSED
876,0.19526,CLOSED
877,0.19517,CLOSED
878,0.19473,CLOSED
879,0.19371,CLOSED
880,0.19399,CLOSED
881,0.19351,CLOSED
882,0.19303,CLOSED
883,0.19288,CLOSED
884,0.19189,CLOSED
885,0.19173,CLOSED
886,0.19228,CLOSED
887,0.19159,CLOSED
888,0.19137,CLOSED
889,0.19074,CLOSED
890,0.19110,CLOSED
891,0.19128,CLOSED
892,0.19167,CLOSED
893,0.19128,CLOSED
894,0.19298,CLOSED
895,0.19353,CLOSED
896,0.19336,CLOSED
897,0.19364,CLOSED
898,0.19379,CLOSED
899,0.19305,CLOSED
900,0.19246,CLOSED
901,0.19357,CLOSED
902,0.19150,CLOSED
903,0.19330,CLOSED
904,0.19294,CLOSED
905,0.19180,CLOSED
906,0.19276,CLOSED
907,0.19211,CLOSED
908,0.19205,CLOSED
909,0.19187,CLOSED
910,0.19205,CLOSED
911,0.19192,CLOSED
912,0.19235,CLOSED
913,0.19165,CLOSED
914,0.19212,CLOSED
915,0.19170,CLOSED
916,0.19256,CLOSED
917,0.19214,CLOSED
918,0.19178,CLOSED
919,0.19106,CLOSED
920,0.19175,CLOSED
921,0.19302,CLOSED
922,0.19259,CLOSED
923,0.19184,CLOSED
924,0.19237,CLOSED
925,0.19221,CLOSED
926,0.19250,CLOSED
927,0.19257,CLOSED
928,0.19235,CLOSED
929,0.19209,CLOSED
930,0.19106,CLOSED
931,0.19123,CLOSED
932,0.19145,CLOSED
933,0.19112,CLOSED
934,0.19135,CLOSED
935,0.19044,CLOSED
936,0.19145,CLOSED
937,0.19139,CLOSED
938,0.19098,CLOSED
939,0.19155,CLOSED
940,0.19128,CLOSED
941,0.19072,CLOSED
942,0.19081,CLOSED
943,0.19093,CLOSED
944,0.19112,CLOSED
945,0.19170,CLOSED
946,0.19110,CLOSED
947,0.19075,CLOSED
948,0.19080,CLOSED
949,0.19091,CLOSED
950,0.19094,CLOSED
951,0.19137,CLOSED
952,0.19143,CLOSED
953,0.19136,CLOSED
954,0.19176,CLOSED
955,0.19079,CLOSED
956,0.18996,CLOSED
957,0.19056,CLOSED
958,0.19050,CLOSED
959,0.18911,CLOSED
960,0.19007,CLOSED
961,0.19021,CLOSED
962,0.18969,CLOSED
963,0.19182,CLOSED
964,0.19296,CLOSED
965,0.19361,CLOSED
966,0.19401,CLOSED
967,0.19408,CLOSED
968,0.19430,CLOSED
969,0.19422,CLOSED
970,0.19561,CLOSED
971,0.19556,CLOSED
972,0.20050,CLOSED
973,0.20893,CLOSED
974,0.24775,CLOSED
975,0.31950,CLOSED
976,0.38652,CLOSED
977,0.41992,CLOSED
978,0.46121,CLOSED
979,0.55856,OPEN
980,0.65793,OPEN
981,0.68892,OPEN
982,0.69398,OPEN
983,0.80393,OPEN
984,0.87007,OPEN
985,0.87087,OPEN
986,0.87067,OPEN
987,0.87856,OPEN
988,0.94000,OPEN
989,0.98623,OPEN
990,0.99469,OPEN
991,0.99675,OPEN
992,0.99749,OPEN
993,0.99718,OPEN
994,0.99604,OPEN
995,0.99659,OPEN
996,0.99545,OPEN
997,0.99657,OPEN
998,0.99591,OPEN
999,0.99592,OPEN
1000,0.99571,OPEN
1001,0.99492,OPEN
1002,0.99417,OPEN
1003,0.99459,OPEN
1004,0.99465,OPEN
1005,0.99534,OPEN
1006,0.99558,OPEN
1007,0.99254,OPEN
1008,0.99551,OPEN
1009,0.99472,OPEN
1010,0.99587,OPEN
1011,0.99652,OPEN
1012,0.99670,OPEN
1013,0.99690,OPEN
1014,0.99725,OPEN
1015,0.99766,OPEN
1016,0.99645,OPEN
1017,0.99590,OPEN
1018,0.99527,OPEN
1019,0.99548,OPEN
1020,0.99552,OPEN
1021,0.99513,OPEN
1022,0.99531,OPEN
1023,0.99491,OPEN
1024,0.99552,OPEN
1025,0.99486,OPEN
1026,0.99459,OPEN
1027,0.99488,OPEN
1028,0.99506,OPEN
1029,0.99455,OPEN
1030,0.99383,OPEN
1031,0.99330,OPEN
1032,0.99286,OPEN
1033,0.99365,OPEN
1034,0.99389,OPEN
1035,0.99347,OPEN
1036,0.99332,OPEN
1037,0.99313,OPEN
1038,0.99288,OPEN
1039,0.99366,OPEN
1040,0.99392,OPEN
1041,0.99360,OPEN
1042,0.99371,OPEN
1043,0.99374,OPEN
1044,0.99494,OPEN
1045,0.99405,OPEN
1046,0.99374,OPEN
1047,0.99418,OPEN
1048,0.99524,OPEN
1049,0.99606,OPEN
1050,0.99546,OPEN
1051,0.99542,OPEN
1052,0.99461,OPEN
1053,0.99434,OPEN
1054,0.99398,OPEN
1055,0.99555,OPEN
1056,0.99594,OPEN
1057,0.99598,OPEN
1058,0.99434,OPEN
1059,0.99383,OPEN
1060,0.99305,OPEN
1061,0.99250,OPEN
1062,0.99143,OPEN
1063,0.98995,OPEN
1064,0.99255,OPEN
1065,0.99103,OPEN
1066,0.99020,OPEN
1067,0.99072,OPEN
1068,0.98934,OPEN
1069,0.98773,OPEN
1070,0.98862,OPEN
1071,0.98893,OPEN
1072,0.98908,OPEN
1073,0.99143,OPEN
1074,0.99023,OPEN
1075,0.99243,OPEN
1076,0.99328,OPEN
1077,0.98788,OPEN
1078,0.94914,OPEN
1079,0.86249,OPEN
1080,0.74028,OPEN
1081,0.66725,OPEN
1082,0.59546,OPEN
1083,0.58784,OPEN
1084,0.59201,OPEN
1085,0.60148,OPEN
1086,0.60343,OPEN
1087,0.60112,OPEN
1088,0.57236,OPEN
1089,0.54230,OPEN
1090,0.47586,CLOSED
1091,0.42367,CLOSED
1092,0.37343,CLOSED
1093,0.33088,CLOSED
1094,0.29278,CLOSED
1095,0.26633,CLOSED
1096,0.26046,CLOSED
1097,0.26335,CLOSED
1098,0.26823,CLOSED
1099,0.27162,CLOSED
1100,0.25453,CLOSED
1101,0.22829,CLOSED
1102,0.22084,CLOSED
1103,0.20908,CLOSED
1104,0.19989,CLOSED
1105,0.19564,CLOSED
1106,0.19366,CLOSED
1107,0.18286,CLOSED
1108,0.17538,CLOSED
1109,0.17277,CLOSED
1110,0.17187,CLOSED
1111,0.16827,CLOSED
1112,0.16723,CLOSED
1113,0.16536,CLOSED
1114,0.16363,CLOSED
1115,0.16373,CLOSED
1116,0.16341,CLOSED
1117,0.16002,CLOSED
1118,0.16153,CLOSED
1119,0.16141,CLOSED
1120,0.16072,CLOSED
1121,0.15961,CLOSED
1122,0.16031,CLOSED
1123,0.15965,CLOSED
1124,0.16028,CLOSED
1125,0.16375,CLOSED
1126,0.16518,CLOSED
1127,0.16502,CLOSED
1128,0.16432,CLOSED
1129,0.16222,CLOSED
1130,0.15981,CLOSED
1131,0.15853,CLOSED
1132,0.15695,CLOSED
1133,0.15772,CLOSED
1134,0.15779,CLOSED
1135,0.15750,CLOSED
1136,0.15274,CLOSED
1137,0.15366,CLOSED
1138,0.15542,CLOSED
1139,0.15967,CLOSED
1140,0.15897,CLOSED
1141,0.15812,CLOSED
1142,0.15818,CLOSED
1143,0.15613,CLOSED
1144,0.15594,CLOSED
1145,0.15615,CLOSED
1146,0.15705,CLOSED
1147,0.15588,CLOSED
1148,0.15436,CLOSED
1149,0.15093,CLOSED
1150,0.15418,CLOSED
1151,0.15218,CLOSED
1152,0.15200,CLOSED
1153,0.15292,CLOSED
1154,0.15609,CLOSED
1155,0.15561,CLOSED
1156,0.15503,CLOSED
1157,0.15443,CLOSED
1158,0.15431,CLOSED
1159,0.15519,CLOSED
1160,0.15604,CLOSED
1161,0.15684,CLOSED
1162,0.15339,CLOSED
1163,0.15639,CLOSED
1164,0.15615,CLOSED
1165,0.15692,CLOSED
1166,0.15570,CLOSED
1167,0.15698,CLOSED
1168,0.15698,CLOSED
1169,0.15756,CLOSED
1170,0.15924,CLOSED
1171,0.15976,CLOSED
1172,0.16022,CLOSED
1173,0.15899,CLOSED
1174,0.15974,CLOSED
1175,0.16240,CLOSED
1176,0.16180,CLOSED
1177,0.16212,CLOSED
1178,0.16462,CLOSED
1179,0.16848,CLOSED
1180,0.17318,CLOSED
1181,0.17674,CLOSED
1182,0.18078,CLOSED
1183,0.18291,CLOSED
1184,0.18247,CLOSED
1185,0.18468,CLOSED
1186,0.18616,CLOSED
1187,0.18774,CLOSED
1188,0.18949,CLOSED
1189,0.19399,CLOSED
1190,0.20222,CLOSED
1191,0.23403,CLOSED
1192,0.30577,CLOSED
1193,0.38453,CLOSED
1194,0.38144,CLOSED
1195,0.48609,CLOSED
1196,0.53652,OPEN
1197,0.58898,OPEN
1198,0.68122,OPEN
1199,0.73432,OPEN
1200,0.75731,OPEN
1201,0.77409,OPEN
1202,0.80099,OPEN
1203,0.81345,OPEN
1204,0.81312,OPEN
1205,0.86097,OPEN
1206,0.94066,OPEN
1207,0.94747,OPEN
1208,0.94759,OPEN
1209,0.95653,OPEN
1210,0.96493,OPEN
1211,0.95802,OPEN
1212,0.97069,OPEN
1213,0.96338,OPEN
1214,0.94922,OPEN
1215,0.94564,OPEN
1216,0.94695,OPEN
1217,0.94408,OPEN
1218,0.94573,OPEN
1219,0.95382,OPEN
1220,0.96143,OPEN
1221,0.96165,OPEN
1222,0.95611,OPEN
1223,0.95099,OPEN
1224,0.94790,OPEN
1225,0.94288,OPEN
1226,0.93683,OPEN
1227,0.92764,OPEN
1228,0.91553,OPEN
1229,0.90282,OPEN
1230,0.88850,OPEN
1231,0.87298,OPEN
1232,0.85932,OPEN
1233,0.85284,OPEN
1234,0.84775,OPEN
1235,0.84314,OPEN
1236,0.83422,OPEN
1237,0.82168,OPEN
1238,0.81638,OPEN
1239,0.81156,OPEN
1240,0.80168,OPEN
1241,0.79687,OPEN
1242,0.79517,OPEN
1243,0.79630,OPEN
1244,0.79284,OPEN
1245,0.79244,OPEN
1246,0.79125,OPEN
1247,0.78864,OPEN
1248,0.78814,OPEN
1249,0.78756,OPEN
1250,0.78634,OPEN
1251,0.78299,OPEN
1252,0.77619,OPEN
1253,0.76686,OPEN
1254,0.76363,OPEN
1255,0.75990,OPEN
1256,0.75824,OPEN
1257,0.75577,OPEN
1258,0.75268,OPEN
1259,0.74934,OPEN
1260,0.74329,OPEN
1261,0.73746,OPEN
1262,0.73297,OPEN
1263,0.72803,OPEN
1264,0.72414,OPEN
1265,0.71959,OPEN
1266,0.71059,OPEN
1267,0.70483,OPEN
1268,0.70008,OPEN
1269,0.69696,OPEN
1270,0.69397,OPEN
1271,0.68680,OPEN
1272,0.68522,OPEN
1273,0.68478,OPEN
1274,0.68159,OPEN
